Station,RMSE,alpha,beta,r,kge
BAB,2.978021447199689,1.0018768143365537,0.1441959219315791,0.5269160187525449,0.5054249908793467
BON,3.741033960831579,0.7823787238937201,0.08797235957812118,0.5237214080597057,0.46902028946060725
CPA,3.0718570966920042,0.8415012876147788,0.05016775807292918,0.5101015350460828,0.4826614727839792
ELA,3.4409985255432836,0.9968245630567983,0.14190386177163578,0.5313534896520182,0.5103303756134911
GOB,2.9170818356012913,1.1820897821337046,0.06714438982334264,0.5310055690981422,0.4924363743734127
HAB,3.2523630985004233,0.7313402049300038,0.10235905426779393,0.5206376539491822,0.4410333459954936
OTT,3.1437561422697082,0.7959768561981982,0.1344424753573615,0.5245960991787925,0.4654823751240694
SAT,2.5923008847176323,1.3443203097744274,0.18040595360530218,0.4454485282513715,0.3227776446114866
SNA,5.649877722133909,0.8523719243928192,-0.016442195572500165,-0.36901232554198804,-0.3770472548132131
